date,open,high,low,close,volume,labels
2020-03-04,637.0005,639.8005,604.2005,607.4005,46502239,0
2020-03-05,607.2005,614.0005,564.8005,587.2005,30602883,0
2020-03-06,572.0005,597.4005,566.0005,588.2005,30328645,0
2020-03-09,560.0005,579.0005,551.4005,568.2005,31554866,0
2020-03-10,567.6005,586.0005,550.4005,557.4005,33864988,0
2020-03-11,561.8005,564.8005,532.4004,537.6005,51212964,0
2020-03-12,452.0004,495.4004,451.2004,451.2004,54795058,0
2020-03-13,468.6004,498.8004,455.0004,480.0004,38216531,0
2020-03-16,450.0004,454.5004,347.3003,430.0004,34083365,0
2020-03-17,443.0004,449.0004,372.9003,388.5003,34500945,0
2020-03-18,372.1003,378.2003,312.6003,346.4003,49171777,0
2020-03-19,347.9003,374.5003,306.1003,365.3003,63970940,0
2020-03-20,379.4003,384.1003,344.4003,359.4003,86335153,0
2020-03-23,333.0003,344.2003,300.0003,336.1003,140638152,0
2020-03-24,351.3003,355.0003,322.2003,350.1003,56664023,0
2020-03-25,362.0003,397.1003,342.2003,397.0003,37677727,0
2020-03-26,389.9003,407.1003,380.0003,405.2003,45344293,0
2020-03-27,397.3003,407.3063,361.9003,364.7003,34786607,0
2020-03-30,350.0003,355.0003,307.1003,321.3003,50541162,0
2020-03-31,325.1003,346.9003,324.1003,340.6003,41481054,0
2020-04-01,328.8003,331.6003,300.4003,305.0003,53832786,0
2020-04-02,300.0003,300.7003,262.5002,278.3002,60513543,0
2020-04-03,280.0002,290.2002,249.0002,251.6002,49389368,0
2020-04-06,261.6002,304.9003,261.4002,297.7002,94655125,0
2020-04-07,305.0003,356.0023,300.2291,335.7003,63837481,0
2020-04-08,323.0003,331.2668,301.0893,326.2003,77421207,0
2020-04-09,332.1003,354.6003,324.7003,350.2003,69550598,0
2020-04-14,350.2003,350.2003,325.5003,335.5003,39936505,0
2020-04-15,338.0003,339.1478,309.0003,310.0003,30917860,0
2020-04-16,317.7003,330.0003,307.2003,309.1003,29381179,0
2020-04-17,327.6003,346.6003,322.1003,334.5003,40604195,0
2020-04-20,336.4003,340.5003,323.2003,327.4003,74773696,0
2020-04-21,324.2003,327.2003,306.061,307.4003,26825416,0
2020-04-22,309.6003,318.5003,301.1003,312.6003,81875005,0
2020-04-23,310.0003,318.4003,306.5003,317.6003,15502119,0
2020-04-24,305.0003,312.8003,302.6003,310.2003,55482535,1
2020-04-27,320.0003,325.4091,304.7003,307.8003,31709980,0
2020-04-28,311.0003,322.7003,308.6003,319.5003,50630768,0
2020-04-29,321.9003,357.6003,318.7738,357.6003,39196430,0
2020-04-30,361.5003,378.0003,325.5003,330.0003,41278879,0
2020-05-01,320.0003,326.2003,312.1003,313.1003,14524111,0
2020-05-04,315.4003,317.7003,278.0002,291.4002,48077707,0
2020-05-05,295.0002,306.9733,290.6002,300.0003,30571325,0
2020-05-06,295.0002,304.6003,291.2314,293.7002,20176448,0
2020-05-07,294.3002,301.5003,277.1002,287.1002,72532202,0
2020-05-11,289.6002,291.4002,273.2002,282.6002,37877542,0
2020-05-12,282.5002,282.7002,273.0002,279.0002,24778229,0
2020-05-13,274.5002,283.1002,256.2002,257.9002,91684836,0
2020-05-14,255.0002,261.0002,235.5002,247.0002,44465220,0
2020-05-15,251.4002,256.9738,238.8652,249.7002,55252327,0
2020-05-18,251.6002,272.9002,249.5002,272.2002,30819512,0
2020-05-19,273.5002,277.7002,259.6002,267.6002,56207369,0
2020-05-20,264.5002,284.8002,254.4002,273.7002,64260510,0
2020-05-21,271.2002,297.0002,270.0002,283.3002,40620980,0
2020-05-22,281.5002,286.1272,273.3302,280.6002,81330721,0
2020-05-26,294.6002,319.4003,291.9002,314.8003,47524916,0
2020-05-27,322.0003,369.8003,320.7179,346.1003,77212006,0
2020-05-28,320.0003,332.3003,303.2003,319.0003,133343209,0
2020-05-29,301.0003,302.9003,271.6002,271.6002,160135038,0
2020-06-01,278.2002,292.4002,274.9002,286.5002,53967009,0
2020-06-02,290.3002,305.5003,285.2682,300.4003,46690952,0
2020-06-03,310.0003,333.9003,304.5003,328.2003,78465943,0
2020-06-04,328.0003,329.3003,310.138,324.0003,54349504,0
2020-06-05,329.9003,356.9092,322.1003,355.9003,70058516,0
2020-06-08,353.8003,412.1003,349.0003,398.4003,112358440,0
2020-06-09,414.8003,426.8004,364.3033,370.0003,135709922,0
2020-06-10,369.9003,388.9862,340.4003,353.3003,84184102,0
2020-06-11,342.8003,347.1003,315.3353,321.6003,58847654,0
2020-06-12,315.2003,345.7003,308.0003,327.5003,49443134,0
2020-06-15,314.6003,326.4003,304.1003,323.8003,39339683,0
2020-06-16,339.9003,353.7003,328.8003,336.2003,38850477,0
2020-06-17,336.0003,347.7003,324.6003,332.1003,26466530,0
2020-06-18,329.9003,337.1003,321.3003,335.5003,23653433,0
2020-06-19,337.3003,340.1003,332.3733,334.2003,32296893,0
2020-06-22,328.8003,337.4003,318.7003,319.3003,74848359,0
2020-06-23,323.9003,334.9003,317.5003,317.8003,24903625,0
2020-06-24,317.8003,327.5003,300.2003,300.2003,37605897,0
2020-06-25,297.6002,300.2003,287.1002,295.4002,45209053,0
2020-06-26,300.9003,305.9003,284.5002,285.0002,38830924,0
2020-06-29,283.4002,295.3002,279.7002,289.6002,29727102,0
2020-06-30,290.7002,293.8002,280.4002,285.4002,28226604,0
2020-07-01,283.6002,292.9002,269.3002,285.6002,54460589,0
2020-07-02,291.9002,305.9003,285.5002,292.5002,33150003,0
2020-07-03,294.3002,297.5002,258.5002,263.2002,65021539,0
2020-07-06,273.8002,283.5002,271.3002,280.9002,54169301,0
2020-07-07,280.0002,284.7553,274.8002,277.5002,41204572,0
2020-07-08,279.2002,289.4002,274.3002,287.8002,41854079,0
2020-07-09,292.8002,297.5002,256.3002,256.3002,91162462,0
2020-07-10,255.0002,266.7002,251.702,266.7002,40797162,0
2020-07-13,271.0002,276.8002,265.655,267.8002,25904077,0
2020-07-14,265.1002,267.6002,253.8002,258.2002,27933173,0
2020-07-15,263.5002,273.9259,262.3952,272.2002,40389665,0
2020-07-16,275.0002,278.8502,262.0762,267.7002,31150196,0
2020-07-17,272.0002,272.276,258.7002,264.4002,30081448,0
2020-07-20,264.6002,266.1002,257.3002,264.8002,20755284,0
2020-07-21,268.3002,285.6002,265.5002,285.6002,117792277,0
2020-07-22,286.0002,292.9241,273.6002,281.5002,31257985,0
2020-07-23,281.0002,288.0002,271.2002,271.6002,22412361,0
2020-07-24,266.2002,271.1002,262.0002,268.1002,21838829,0
2020-07-27,267.5002,267.5002,251.5002,260.0002,33012724,0
2020-07-28,261.7002,264.6202,251.855,262.6002,23419568,0
2020-07-29,262.0002,268.6002,253.0002,253.1002,31957584,0
2020-07-30,254.0002,255.2002,238.2002,245.3002,30576949,0
2020-07-31,245.7002,247.0002,231.6002,231.6002,30744971,0
2020-08-03,231.7002,232.2002,212.1002,230.4002,40554977,0
2020-08-04,230.6002,248.8002,230.3002,245.3002,27835216,0
2020-08-05,246.1002,258.5002,246.1002,258.5002,37669947,0
2020-08-06,260.9002,262.4002,245.4002,253.1002,24499937,0
2020-08-07,251.0002,252.8342,242.1002,252.6002,17185840,0
2020-08-10,255.7002,265.7002,252.7002,265.7002,19016436,0
2020-08-11,267.9002,282.5502,267.2369,273.7002,76676266,0
2020-08-12,273.0002,279.7002,264.7002,271.4002,24415590,0
2020-08-13,270.0002,273.9002,265.1002,267.7002,22043294,0
2020-08-14,267.0002,268.8002,252.8002,257.1002,18530706,0
2020-08-17,257.0002,260.5002,247.3915,257.3002,19883941,1
2020-08-18,254.0002,259.8002,250.5631,255.0002,19466326,0
2020-08-19,256.4002,262.4497,250.5002,262.3002,10645492,0
2020-08-20,255.2002,256.9002,251.7002,256.0002,17473177,1
2020-08-21,256.8002,261.5002,253.4002,258.3002,33443271,1
2020-08-24,260.1002,265.2002,254.8002,261.5002,14994213,0
2020-08-25,264.6002,272.6002,257.2002,257.2002,19299443,0
2020-08-26,260.6002,260.6002,250.1367,253.0002,17847518,0
2020-08-27,243.5002,260.4002,227.5662,250.0002,84495119,0
2020-08-28,249.0002,252.2002,238.4002,241.1002,46552273,0
2020-09-01,236.5002,238.2002,206.7002,206.7002,114135380,0
2020-09-02,212.0002,221.9002,209.6002,217.6002,52272681,0
2020-09-03,219.5002,233.4002,216.5002,218.3002,50693161,0
2020-09-04,217.5002,225.2002,214.7002,217.5002,31186737,0
2020-09-07,220.0002,227.5002,211.6002,225.5002,19224820,0
2020-09-08,225.5002,228.9002,214.1002,218.9002,28528494,0
2020-09-09,216.5002,217.907,207.8002,210.7002,96503459,0
2020-09-10,211.0002,215.7002,204.7002,208.3002,32896104,0
2020-09-11,210.6002,213.2447,205.4002,210.0002,21265594,0
2020-09-14,212.9002,212.9002,204.5977,210.3002,21407189,0
2020-09-15,210.6002,212.2882,203.3002,203.3002,29027227,0
2020-09-16,203.2002,203.9002,182.6002,192.3502,76314898,0
2020-09-17,188.7002,192.5002,187.1502,189.9002,38071063,0
2020-09-18,188.3002,189.0502,176.1501,180.1502,68685748,0
2020-09-21,176.6501,177.7001,159.2501,160.7001,62393025,0
2020-09-22,162.1501,163.1501,155.7001,160.7001,57385542,0
2020-09-23,160.2001,173.0001,157.9501,162.4001,53359117,0
2020-09-24,157.9001,160.3501,150.1001,150.1001,43512508,0
2020-09-25,151.9501,171.0001,141.6001,154.7501,73495494,0
2020-09-28,154.2501,154.3001,144.2501,149.2501,44574321,0
2020-09-29,149.9501,149.9501,140.4001,140.4001,43322864,0
2020-09-30,139.4501,139.9501,129.7501,130.0001,69768690,0
2020-10-01,120.0001,129.0001,112.5501,116.8001,179219338,0
2020-10-02,114.0001,114.0001,100.8047,113.6001,93164666,0
2020-10-05,115.9001,123.4001,109.6501,123.4001,116878320,0
2020-10-06,124.7001,151.1319,120.457,150.0001,129574032,0
2020-10-07,149.2001,164.5001,143.2001,156.6501,161986434,0
2020-10-08,157.9001,201.0002,157.5501,195.3502,188852227,0
2020-10-09,195.9002,252.4002,195.5002,223.2002,218124106,0
2020-10-12,225.7002,237.3342,186.6542,194.8502,188090710,0
2020-10-13,195.0002,200.0002,177.0001,183.1002,77169118,0
2020-10-14,182.9502,186.8002,173.0001,180.0002,47783597,0
2020-10-15,183.8002,198.8702,173.1501,195.1002,50306443,0
2020-10-16,201.9002,221.9002,196.9502,221.9002,77626413,0
2020-10-19,224.1002,237.6002,212.3002,220.0002,64807181,0
2020-10-20,218.9002,231.9002,210.1002,227.0002,45853082,0
2020-10-21,225.6002,233.0002,222.0002,224.6002,38288449,0
2020-10-22,221.6002,227.8002,216.1002,226.9002,35246615,0
2020-10-23,232.0002,243.7002,227.0002,243.7002,60999690,0
2020-10-26,234.9002,241.6002,226.1002,226.1002,36248894,0
2020-10-27,226.3002,235.8002,218.6002,219.0002,52844996,0
2020-10-28,77.0,101.95,70.2035,84.54,211643203,0
2020-10-29,84.0,84.7,71.74,72.4,99090484,0
2020-10-30,70.0,74.9719,64.86,71.32,74632930,0
2020-11-02,69.42,77.26,66.5,76.56,50408754,0
2020-11-03,75.0,84.0,74.696,84.0,73734227,0
2020-11-04,79.14,86.4,78.2,83.9,73683602,0
2020-11-05,78.58,81.72,72.08,74.52,82070398,0
2020-11-06,72.92,73.2,67.32,69.56,86207070,0
2020-11-09,69.58,137.45,69.0,100.0,273517188,0
2020-11-10,104.65,128.8025,101.75,107.0,141284297,0
2020-11-11,109.0,114.45,96.76,98.42,96648953,0
2020-11-12,95.98,106.6,89.1513,90.0,149794891,0
2020-11-13,89.38,96.15,86.38,93.7,109640000,0
2020-11-16,95.78,104.4223,95.64,103.0,167541500,0
2020-11-17,104.45,105.0,97.9,102.7,87319594,0
2020-11-18,104.75,104.75,100.2,102.6,64319078,0
2020-11-19,100.15,102.85,98.122,98.56,72678766,0
2020-11-20,99.56,101.2,98.6662,99.44,45155090,0
2020-11-23,101.0,108.127,100.5,107.0,82517938,0
2020-11-24,108.8,118.9,108.5,115.75,126871602,0
2020-11-25,121.0,122.0,109.0,110.9,78583938,0
2020-11-26,111.05,112.8,106.5,108.3,39317848,0
2020-11-27,108.0,111.4,102.603,107.65,75209219,0
2020-11-30,107.3,110.3,105.7,105.7,54663820,0
2020-12-01,105.0,112.4,103.05,112.1,41118602,0
2020-12-02,116.6,118.0,109.75,116.75,80221406,0
2020-12-03,120.0,134.9,119.3,134.9,171564297,0
2020-12-04,133.85,134.5,127.4,130.25,112258203,0
2020-12-07,130.7,133.229,127.4757,130.85,56197141,0
2020-12-08,129.0,130.4,125.1,126.25,43340719,0
2020-12-09,128.0,132.05,128.0,129.65,77884094,0
2020-12-10,129.55,130.45,125.25,127.0,35231953,0
2020-12-11,125.5,125.85,114.1,117.0,92092625,0
2020-12-14,118.8,124.4041,117.4,118.75,80854602,0
2020-12-15,117.2,117.3,112.2,115.3,55739539,0
2020-12-16,113.0,117.9023,113.0,114.8,71740250,0
2020-12-17,116.5,117.7,111.75,112.45,43667312,0
2020-12-18,111.85,114.6697,109.0,113.95,90483430,0
2020-12-21,104.55,111.4,95.1,110.25,153227109,0
2020-12-22,109.6,113.7,107.5182,112.65,37373559,0
2020-12-23,112.45,116.4,111.45,115.6,36332633,0
2020-12-24,117.3,120.75,114.6202,115.75,21508180,0
2020-12-29,120.55,121.1,112.65,112.85,49485688,0
2020-12-30,113.0,115.03,111.9,112.05,21556311,0
2020-12-31,111.75,112.65,109.14,111.25,15415460,0
2021-01-04,112.0,113.0,102.2,103.2,79652531,0
2021-01-05,102.65,108.25,101.15,107.75,96349875,0
2021-01-06,109.55,111.7,106.65,111.05,36904781,0
2021-01-07,113.05,113.4,108.05,111.1,49868922,0
2021-01-08,112.5,112.5,106.85,107.3,38353992,0
2021-01-11,107.95,108.25,104.2,105.75,42569359,0
2021-01-12,106.15,108.9,105.35,107.75,23311199,0
2021-01-13,108.55,108.8,103.75,105.6,40257711,0
2021-01-14,106.95,109.2,104.7,106.65,29157150,0
2021-01-15,106.1,106.7814,104.0,105.9,35871289,0
2021-01-18,105.5,105.65,103.65,104.25,26624131,0
2021-01-19,106.5,109.25,104.4,104.65,51765832,0
2021-01-20,105.3,108.65,104.35,107.4,41279031,0
2021-01-21,108.3,108.35,103.3,103.3,45447160,0
2021-01-22,103.1,103.8,100.35,102.95,39661207,0
2021-01-25,103.6,103.9,95.5606,98.0,78202242,0
2021-01-26,96.5,98.24,86.7,96.32,128922203,1
2021-01-27,94.62,99.46,92.06,95.16,58815578,0
2021-01-28,94.56,99.78,91.58,96.94,56342262,0
2021-01-29,94.62,96.46,91.12,91.7,111939797,0
2021-02-01,93.32,95.5,92.02,94.1,48381129,0
2021-02-02,96.48,96.82,94.2,94.76,52354910,0
2021-02-03,95.36,96.443,90.56,91.88,58482793,0
2021-02-04,92.52,95.12,91.98,93.9,43147168,0
2021-02-05,94.2,95.2,92.2,93.9,47764359,0
2021-02-08,94.4,94.9,91.14,93.0,40071770,0
2021-02-09,93.42,93.42,91.44,91.58,39344594,0
2021-02-10,93.1,95.22,91.2,92.8,96274609,0
2021-02-11,92.84,93.26,90.7,92.6,38191000,1
2021-02-12,91.74,93.08,90.7,92.86,27054551,0
2021-02-15,93.9,97.6,92.26,96.08,51964719,0
2021-02-16,97.26,100.25,96.36,99.94,61688441,0
2021-02-17,102.5,102.8,100.1,102.3,56930121,0
2021-02-18,102.0,102.27,93.28,93.34,57722406,0
2021-02-19,94.94,99.86,94.26,98.66,75707352,1
2021-02-22,97.48,105.6503,96.28,105.45,82699711,0
2021-02-23,106.0,115.5,104.55,106.65,130456602,0
2021-02-24,109.0,112.28,106.25,111.9,58165273,0
2021-02-25,117.45,118.95,112.05,112.05,81938477,0
2021-02-26,110.0,113.2,105.7,107.7,71533594,1
2021-03-01,110.5,113.45,107.8244,111.4,48409641,0
2021-03-02,110.8,112.2,109.15,110.15,27420410,0
2021-03-03,111.0,114.45,110.15,114.45,42463047,0
2021-03-04,113.1,115.85,111.9804,114.35,42311953,0
2021-03-05,113.5,114.7,108.15,108.55,60860191,0
2021-03-08,111.3,116.5,109.45,116.5,102980305,1
2021-03-09,115.65,118.29,112.45,113.85,45799449,0
2021-03-10,115.6,115.85,112.05,113.0,61019941,1
2021-03-11,117.55,117.65,112.382,113.8,50945719,0
2021-03-12,114.5,114.85,113.15,114.85,40282871,0
2021-03-15,114.6,119.1159,114.45,118.0,64553480,0
2021-03-16,119.15,125.34,118.2265,122.85,75769727,0
2021-03-17,128.55,128.55,125.05,127.2,74363695,0
2021-03-18,128.3,128.708,123.1,124.55,59445941,0
2021-03-19,123.0,123.85,117.0,117.0,86618914,0
2021-03-22,115.85,115.85,108.7,111.9,73655648,0
2021-03-23,110.5,113.15,104.85,105.3,81043172,0
2021-03-24,103.7,110.0,99.0,108.0,76788125,0
2021-03-25,107.6,108.35,102.8,106.05,39039840,1
2021-03-26,106.05,109.95,105.1,106.2,47153070,0
2021-03-29,106.25,106.9413,104.75,106.05,38109480,0
2021-03-30,106.2,109.25,105.8914,108.55,38498473,0
2021-03-31,108.55,109.65,105.3,105.3,45301191,0
2021-04-01,105.32,109.84,105.3,108.92,42760059,0
2021-04-06,111.46,113.9906,110.5,111.76,59606090,0
2021-04-07,112.6,113.941,111.56,111.88,44466992,0
2021-04-08,112.1,113.2631,108.58,111.12,38189059,0
2021-04-09,111.34,113.6,110.52,111.88,39746473,0
2021-04-12,112.4,112.8,106.82,108.22,36773539,0
2021-04-13,108.1,109.9418,106.08,107.7,27769980,0
2021-04-14,107.54,108.9,106.9304,107.74,24383109,0
2021-04-15,108.8,109.88,106.6,107.0,38660500,0
2021-04-16,107.0,108.23,104.38,104.56,53048129,0
2021-04-19,106.06,106.957,104.56,105.18,30950369,0
2021-04-20,104.32,105.72,99.28,99.28,68603070,0
2021-04-21,99.9,102.04,96.5,99.87,58919660,0
2021-04-22,101.74,102.88,100.14,102.82,41011121,0
2021-04-23,101.4,102.4,99.33,101.76,34408969,0
2021-04-26,102.24,107.82,102.16,107.82,42402441,0
2021-04-27,107.56,107.76,102.94,102.94,51134922,0
2021-04-28,102.0,104.48,101.44,102.76,39356262,0
2021-04-29,103.1,104.64,100.94,102.02,33746219,0
2021-04-30,102.4,105.5,101.46,104.62,35820680,0
2021-05-04,105.0,106.64,100.5,101.22,56543473,0
2021-05-05,102.08,103.2,100.62,101.76,33696090,0
2021-05-06,102.62,104.32,102.0,103.4,37055367,0
2021-05-07,104.64,106.89,104.02,106.74,39761594,0
2021-05-10,107.0,110.42,105.16,109.68,45288219,0
2021-05-11,108.0,108.477,102.12,104.34,63816992,0
2021-05-12,106.0,106.46,103.9132,104.86,24789240,0
2021-05-13,103.46,105.94,100.58,104.3,34621301,1
2021-05-14,105.16,107.759,102.4378,107.64,35353289,0
2021-05-17,107.7,108.68,102.52,102.98,39596230,0
2021-05-18,104.64,105.0,101.84,102.94,33419320,0
2021-05-19,101.4,103.66,99.9453,103.36,43630480,1
2021-05-20,104.12,104.98,100.5378,103.26,31088990,1
2021-05-21,103.18,105.28,102.18,105.2,56221551,0
2021-05-24,105.0,106.0,104.078,105.72,18948830,0
2021-05-25,105.9,106.87,104.959,105.42,23763820,0
2021-05-26,105.76,105.94,102.58,103.04,28971551,0
2021-05-27,103.08,109.32,102.32,107.06,79688008,0
2021-05-28,108.42,109.18,105.88,107.02,34976648,0
2021-06-01,106.54,109.48,106.24,108.94,44497160,0
2021-06-02,109.0,112.64,108.96,112.3,46285020,0
2021-06-03,112.32,112.556,109.4,109.68,35872512,0
2021-06-04,109.5,110.3655,105.82,107.32,39848230,0
2021-06-07,108.1,110.76,105.8494,110.12,75895891,0
2021-06-08,110.24,112.76,109.32,111.4,39237289,0
2021-06-09,111.4,113.2,110.32,112.56,31100490,0
2021-06-10,112.44,113.44,110.94,111.04,22080830,0
2021-06-11,111.76,112.44,110.8772,111.94,34108910,0
2021-06-14,112.0,112.5,107.22,107.36,96220094,0
2021-06-15,107.84,110.0,107.16,108.0,32482061,0
2021-06-16,108.2,110.32,108.14,110.0,21291971,0
2021-06-17,109.12,113.48,109.12,111.92,32574480,0
2021-06-18,112.04,112.24,106.7,107.52,54500340,0
2021-06-21,106.32,109.72,104.02,109.26,36844340,0
2021-06-22,109.8,112.46,107.82,108.2,34202391,0
2021-06-23,108.76,110.66,107.9,109.44,26743330,0
2021-06-24,109.9,110.7,107.7,107.78,26858801,0
2021-06-25,108.42,109.5,105.4,106.5,39517922,0
2021-06-28,106.42,107.0,100.5,100.5,74198109,0
2021-06-29,100.1,103.1,98.04,98.58,92294766,0
2021-06-30,98.63,99.9,94.69,98.92,80524016,0
2021-07-01,99.7,101.94,99.16,100.86,61514980,0
2021-07-02,101.5,103.48,101.06,102.58,45208246,0
2021-07-05,102.5,105.46,101.48,104.98,29593369,0
2021-07-06,105.0,106.293,102.24,103.66,30657619,0
2021-07-07,103.88,104.78,100.34,100.88,32911578,0
2021-07-08,100.2,101.662,98.16,100.72,51353992,0
2021-07-09,101.32,103.0,100.64,101.0,34263754,0
2021-07-12,100.8,100.8,95.74,95.74,56885660,0
2021-07-13,96.23,97.581,93.52,93.61,59253633,0
2021-07-14,93.0,94.35,90.55,92.76,51974680,0
2021-07-15,93.0,93.1,91.05,91.14,36680352,0
2021-07-16,91.61,94.97,91.0712,93.06,48974180,0
2021-07-19,92.7,92.98,86.69,87.0,80560961,0
2021-07-20,88.22,90.86,87.48,90.02,46922441,0
2021-07-21,90.79,97.3,90.79,97.0,58146930,0
2021-07-22,97.46,99.15,95.16,95.28,33227621,0
2021-07-23,96.61,98.86,95.33,95.63,27430221,0
2021-07-26,95.0,98.04,94.7,97.02,24293330,0
2021-07-27,96.28,98.39,94.7092,98.27,42938559,0
2021-07-28,98.0,103.28,97.72,101.7,45174879,0
2021-07-29,101.9,104.43,101.6,102.18,33575594,0
2021-07-30,100.48,101.22,98.3,99.71,34598633,0
2021-08-02,101.0,104.31,101.0,103.48,40770578,1
2021-08-03,103.12,104.12,101.8683,103.14,31802240,0
2021-08-04,103.74,105.34,103.1,104.54,44352406,1
2021-08-05,105.5,110.68,103.846,110.68,97643477,0
2021-08-06,111.38,112.8,109.4,112.42,61814793,0
2021-08-09,112.32,112.38,108.74,109.08,35415633,0
2021-08-10,108.6,110.18,106.74,110.02,32975969,0
2021-08-11,110.78,111.6,108.78,111.6,26418949,0
2021-08-12,111.48,112.42,108.74,109.56,25667090,0
2021-08-13,109.8,112.42,109.38,111.18,33545230,0
2021-08-16,109.44,110.46,108.52,109.7,29794170,1
2021-08-17,108.8,111.46,107.8954,111.46,27753500,0
2021-08-18,111.36,113.0,110.76,113.0,28383510,0
2021-08-19,110.0,112.923,108.76,111.22,32093039,1
2021-08-20,111.2,111.52,109.6,110.16,22923230,0
2021-08-23,112.0,114.3,110.963,113.74,46712141,0
2021-08-24,114.3,118.28,114.1,118.28,46354379,0
2021-08-25,118.54,120.57,113.7958,116.48,55529078,0
2021-08-26,115.68,117.94,114.5,116.06,26115670,0
2021-08-27,115.68,116.78,114.14,116.74,23153721,0
2021-08-31,115.4,116.24,113.38,114.86,45427809,0
2021-09-01,115.76,117.06,114.62,114.94,31972439,0
2021-09-02,114.9,115.542,113.44,114.24,26275420,0
2021-09-03,113.92,114.38,111.6513,111.7,20848869,0
2021-09-06,112.58,113.98,112.04,112.04,13227170,0
2021-09-07,112.54,113.46,109.2,110.88,18397650,0
2021-09-08,110.88,113.64,109.86,111.26,20066779,0
2021-09-09,110.0,111.88,108.1515,111.02,23476570,0
2021-09-10,111.06,111.66,108.64,109.18,19281199,0
2021-09-13,109.74,112.14,109.2,111.94,35903000,0
2021-09-14,111.06,111.3,109.0737,109.16,22788270,0
2021-09-15,109.0,109.36,104.94,105.5,57219539,1
2021-09-16,106.36,110.36,106.1,109.06,50087449,0
2021-09-17,109.92,112.94,109.4285,111.0,172599812,0
2021-09-20,109.1,117.3,100.16,115.7,71596367,0
2021-09-21,116.14,120.44,115.74,119.58,64109809,0
2021-09-22,119.9,122.18,119.281,122.18,44820141,0
2021-09-23,123.3,127.38,122.68,126.94,64345820,0
2021-09-24,127.0,134.22,126.7513,132.5,78220969,0
2021-09-27,135.98,148.4489,135.74,147.48,145272188,0
2021-09-28,147.66,148.0,138.14,142.66,85407273,0
2021-09-29,141.0,145.68,138.253,144.6,50306527,0
2021-09-30,141.48,145.24,138.1,140.14,52496281,0
2021-10-01,137.44,144.08,135.6659,142.88,47965320,0
2021-10-04,144.0,145.68,141.1,142.14,35949820,0
2021-10-05,143.0,144.46,141.4,144.04,32333789,0
2021-10-06,143.56,144.0,137.56,140.5,46016422,0
2021-10-07,143.56,143.74,140.38,141.22,28173070,0
2021-10-08,141.44,144.24,141.38,143.7,27997320,0
2021-10-11,142.48,145.48,141.06,145.48,25187480,0
2021-10-12,144.2,144.433,141.66,143.9,49212461,0
2021-10-13,143.48,144.42,141.06,143.32,21466400,0
2021-10-14,143.98,145.24,141.62,143.44,29669881,0
2021-10-15,143.48,145.44,143.04,144.56,26744850,0
2021-10-18,143.1,143.9967,141.5,142.64,28173680,0
2021-10-19,142.84,143.06,138.56,139.44,51320488,0
2021-10-20,139.96,139.96,132.76,138.28,39260848,0
2021-10-21,137.78,139.34,135.36,138.0,20997449,0
2021-10-22,138.0,139.12,135.06,135.1,22365330,0
2021-10-25,135.62,136.34,131.24,132.54,31818830,0
2021-10-26,132.54,137.5,131.4,134.96,23333971,0
2021-10-27,134.04,135.4,133.5,133.92,18310881,0
2021-10-28,133.0,136.26,131.12,132.02,21605840,0
2021-10-29,132.08,134.0,131.2734,131.84,23526141,1
2021-11-01,132.92,135.0,132.0,133.42,17559369,1
2021-11-02,133.08,134.413,131.968,132.9,14304680,1
2021-11-03,132.48,133.28,131.5,132.6,15275670,0
2021-11-04,133.28,137.74,133.0,135.08,19218740,0
2021-11-05,135.1,143.94,132.8,142.94,51747230,0
2021-11-08,143.34,144.2,140.48,141.76,28273301,0
2021-11-09,142.0,150.48,142.0,146.86,65677211,0
2021-11-10,147.1,148.88,145.6923,147.2,41345711,0
2021-11-11,146.68,147.949,143.84,145.4,27335510,0
2021-11-12,145.0,145.5283,142.44,143.28,25603570,0
2021-11-15,142.12,146.4,141.86,144.0,16980830,0
2021-11-16,143.42,145.86,142.4,143.92,19505461,0
2021-11-17,142.8,144.24,140.44,140.44,19933189,0
2021-11-18,140.4,142.58,138.0,141.48,17084789,0
2021-11-19,142.26,142.66,132.504,136.0,74157320,0
2021-11-22,136.32,139.74,134.28,135.82,26956811,0
2021-11-23,134.78,138.58,134.22,135.86,17563490,0
2021-11-24,135.56,136.844,131.72,135.02,35207398,0
2021-11-25,136.94,137.71,134.6113,137.54,15515270,0
2021-11-26,124.56,127.96,116.469,121.56,117186602,0
2021-11-29,123.44,125.38,121.0,122.5,51169660,0
2021-11-30,120.76,126.6,118.04,122.5,82792062,0
2021-12-01,123.42,128.16,123.28,126.14,47520738,0
2021-12-02,123.88,126.93,122.6322,125.44,23878971,1
2021-12-03,126.74,127.96,124.5,124.9,22257369,0
2021-12-06,124.9,129.7,124.0748,129.7,33875727,0
2021-12-07,130.74,133.0,129.48,131.8,30225000,0
2021-12-08,130.94,131.457,124.8,128.64,42177578,0
2021-12-09,129.96,131.0,122.66,124.3,40545359,0
2021-12-10,122.5,161.9083,121.796,122.8,34668441,0
2021-12-13,122.9,123.36,116.38,116.94,42067941,0
2021-12-14,117.2,122.5,116.131,117.14,42089199,0
2021-12-15,117.64,118.0,112.7,113.02,29174490,0
2021-12-16,116.4,117.54,112.92,113.38,30283689,0
2021-12-17,113.3,115.94,112.72,114.3,35573898,0
2021-12-20,112.3,112.6,107.12,110.48,61855641,0
2021-12-21,113.46,114.86,111.36,114.56,36799848,0
2021-12-22,114.88,118.34,114.7,118.34,29730359,0
2021-12-23,118.48,123.8,118.32,120.84,31442439,1
2021-12-24,122.02,123.24,120.6781,121.62,5480584,1
2021-12-29,123.92,125.86,121.78,121.88,24630670,0
2021-12-30,122.0,123.32,120.88,123.08,11207780,1
2021-12-31,121.7,122.88,121.02,122.88,5261705,0
2022-01-04,126.62,128.34,126.1,127.08,38946719,0
2022-01-05,126.74,128.8751,124.94,128.54,25212461,0
2022-01-06,125.48,129.38,125.0,126.28,25022670,0
2022-01-07,126.6,127.5,123.46,127.14,22908000,0
2022-01-10,127.48,129.62,126.22,127.66,33344301,0
2022-01-11,128.1,129.0013,125.38,127.0,26391961,0
2022-01-12,128.0,128.5,126.6,126.88,22263350,0
2022-01-13,126.02,127.9,125.74,127.7,24820721,0
2022-01-14,125.54,126.6606,125.16,125.24,28278760,0
2022-01-17,126.66,126.98,125.44,125.9,14345120,0
2022-01-18,126.0,127.06,123.34,125.66,25345641,0
2022-01-19,124.48,125.16,122.78,123.14,28830051,0
2022-01-20,123.94,124.86,122.78,123.72,21634520,0
2022-01-21,123.5,123.52,118.3935,119.72,23958420,0
2022-01-24,118.52,119.0,112.24,113.0,60870859,0
2022-01-25,115.0,117.78,114.08,115.84,51174801,0
2022-01-26,117.48,119.94,116.9,117.68,34337648,0
2022-01-27,114.94,118.023,114.7,115.5,23679859,0
2022-01-28,114.48,115.2136,111.52,113.02,51618871,1
2022-01-31,114.78,115.58,112.78,114.5,27112869,0
2022-02-01,115.54,117.24,115.14,117.22,25425340,0
2022-02-02,118.0,118.36,115.02,115.2,21938680,0
2022-02-03,114.94,117.32,114.62,116.66,23459461,0
2022-02-04,117.5,117.98,111.94,113.6,42482199,1
2022-02-07,114.6,115.58,113.24,115.58,24527150,0
2022-02-08,115.0,117.78,114.7,117.22,43362500,0
2022-02-09,118.34,121.14,117.92,119.86,40747910,0
2022-02-10,120.06,122.72,119.66,122.72,38618406,0
2022-02-11,121.1,122.12,119.3312,120.9,22797070,0
2022-02-14,117.62,119.0,113.64,117.7,42429609,0
2022-02-15,117.06,120.32,116.14,120.32,23416131,0
2022-02-16,121.02,121.72,119.18,121.72,81515797,0
2022-02-17,119.8,121.7,118.02,118.02,21791230,0
2022-02-18,117.96,119.64,116.92,117.06,32293500,0
2022-02-21,117.94,119.4,114.72,114.72,19718699,0
2022-02-22,111.44,119.2,110.56,118.02,30155000,0
2022-02-23,118.1,122.1,117.3,117.7,41688152,0
2022-02-24,102.0,107.652,95.07,102.38,225538594,0
2022-02-25,105.28,108.16,102.1,106.08,86773531,0
2022-02-28,104.84,105.644,99.93,103.5,83595375,0
2022-03-01,102.62,104.94,92.0,92.0,100521398,0
2022-03-02,91.69,98.67,87.02,98.23,114508898,0
2022-03-03,99.3,99.3609,94.65,95.0,46842141,0
2022-03-04,93.32,94.4707,87.3,90.23,92849312,0
2022-03-07,86.72,92.59,83.4851,88.21,66690930,0
2022-03-08,86.0,94.82,85.5,91.38,62927219,0
2022-03-09,93.09,98.635,93.09,94.38,46702328,0
2022-03-10,95.58,96.3792,89.5,91.73,47418289,0
2022-03-11,92.28,96.3,91.55,93.51,34078391,0
2022-03-14,95.66,97.24,92.42,93.78,36611352,0
2022-03-15,93.3,94.25,90.22,92.27,46417578,0
2022-03-16,93.8,96.99,93.2339,94.38,85690367,0
2022-03-17,95.24,96.19,90.89,94.18,70475203,0
2022-03-18,94.81,94.81,90.9,93.18,50517793,0
2022-03-21,93.83,94.011,92.1,93.1,29122930,0
2022-03-22,93.5,94.95,92.19,94.79,38257762,0
2022-03-23,94.78,95.5,92.06,92.06,29548689,0
2022-03-24,92.14,93.35,90.38,92.3,29501221,1
2022-03-25,92.33,111.0,91.03,110.14,139583594,0
2022-03-28,100.2,103.67,96.848,98.38,159095297,0
2022-03-29,99.42,104.16,97.61,102.38,60054688,0
2022-03-30,101.94,103.384,99.57,103.06,45935738,0
2022-03-31,103.98,105.3,99.72,101.1,38591770,0
2022-04-01,101.2,101.76,99.2,99.37,32598939,0
2022-04-04,101.24,102.1572,98.0552,100.36,42124801,0
2022-04-05,100.12,100.5396,97.0,98.66,42864660,0
2022-04-06,98.66,99.688,94.9,96.46,41744719,0
2022-04-07,96.91,97.77,94.75,94.75,34175793,0
2022-04-08,96.25,96.5077,94.28,94.28,50595801,0
2022-04-11,94.18,96.82,92.1384,95.0,30544711,0
2022-04-12,90.0,91.38,88.06,89.79,91530281,0
2022-04-13,89.0,90.03,87.85,90.03,46586859,0
2022-04-14,90.32,93.52,89.6,93.43,53922129,0
2022-04-19,93.5,95.85,93.0,95.5,39404020,0
2022-04-20,95.35,96.75,93.39,93.42,107908305,0
2022-04-21,94.07,97.449,93.8,96.6,35334551,0
2022-04-22,95.0,95.81,91.57,91.57,35688820,0
2022-04-25,90.0,91.52,86.83,86.83,64466551,0
2022-04-26,88.21,89.01,84.11,84.11,49558367,0
2022-04-27,84.4,85.79,82.37,82.38,52761660,0
2022-04-28,83.2,84.89,82.11,83.31,41356160,0
2022-04-29,85.0,86.19,82.35,83.29,35423961,0
2022-05-03,82.99,84.6,82.2349,84.2,41494527,0
2022-05-04,85.4,85.42,83.22,83.22,33702961,0
2022-05-05,85.24,86.22,81.69,81.74,27009949,0
2022-05-06,81.5,82.0,78.44,80.31,49341711,0
2022-05-09,80.2,80.71,78.5,78.5,34503594,0
2022-05-10,79.76,80.7,78.14,78.25,38987289,0
2022-05-11,78.91,81.88,77.865,80.5,50353992,0
2022-05-12,79.63,83.27,78.31,81.38,40624078,0
2022-05-13,82.0,84.77,81.24,83.85,34762039,0
2022-05-16,84.0,84.25,80.67,80.68,39566301,0
2022-05-17,81.21,81.55,78.91,81.21,45440367,0
2022-05-18,81.65,86.13,81.22,84.78,43140633,0
2022-05-19,83.22,83.65,80.3928,83.03,39627711,0
2022-05-20,83.37,85.11,82.39,83.31,42166910,0
2022-05-23,84.66,84.8325,82.04,83.14,24904990,0
2022-05-24,82.21,82.3194,80.02,80.08,43225961,1
2022-05-25,81.0,83.52,80.18,83.52,28545420,0
2022-05-26,83.9,86.49,83.27,86.44,26385711,0
2022-05-27,86.03,87.5,85.1924,86.91,20696730,0
2022-05-30,88.43,89.99,87.04,88.99,36551539,0
2022-05-31,88.4,89.598,86.14,86.69,52757461,1
2022-06-01,87.92,89.78,87.31,88.73,24408910,0
2022-06-06,90.0,93.81,89.03,92.92,43645340,0
2022-06-07,91.5,93.27,91.38,91.86,26031029,0
2022-06-08,92.22,94.22,92.22,92.39,28060330,0
2022-06-09,91.96,93.4077,90.53,91.69,37795398,0
2022-06-10,90.64,90.8548,87.99,87.99,31027020,0
2022-06-13,87.56,89.89,85.71,86.17,42629559,0
2022-06-14,87.57,89.67,85.77,87.92,25494750,0
2022-06-15,87.71,91.7,87.71,90.69,34660238,0
2022-06-16,90.11,90.5,86.54,87.09,35142738,0
2022-06-17,87.11,90.43,84.53,87.71,40797102,1
2022-06-20,88.46,91.87,87.4,91.5,80120430,0
2022-06-21,92.36,93.0,90.83,90.83,18973830,0
2022-06-22,89.72,89.72,84.57,86.11,43418660,0
2022-06-23,86.0,86.03,81.85,81.85,42480289,0
2022-06-24,82.17,82.6825,79.08,80.94,46659031,0
2022-06-27,81.29,84.2,81.0,81.81,48517379,0
2022-06-28,83.0,89.1,82.7156,87.14,39811340,0
2022-06-29,85.92,86.52,84.02,84.2,26970090,0
2022-06-30,82.83,83.98,81.77,82.95,33259961,1
2022-07-01,82.64,87.66,81.76,86.08,31136400,0
2022-07-04,86.48,88.53,85.95,86.54,15921340,0
2022-07-05,88.0,88.0,79.12,79.12,61267262,0
2022-07-06,79.3,82.93,79.3,82.12,30748010,0
2022-07-07,82.33,85.72,82.33,85.26,29744910,0
2022-07-08,86.22,87.52,85.08,87.13,24038779,0
2022-07-11,85.5,87.5497,83.9761,86.74,20691721,1
2022-07-12,85.13,88.78,85.13,88.78,19665811,0
2022-07-13,88.65,90.2,87.14,88.58,33150422,0
2022-07-14,88.51,89.58,85.12,85.32,34455566,0
2022-07-15,85.48,90.49,84.85,89.79,30074721,0
2022-07-18,88.41,92.77,88.41,92.19,26995721,0
2022-07-19,91.38,94.4149,90.27,93.85,19068449,0
2022-07-20,94.8,94.8,91.5605,92.03,28348420,0
2022-07-21,93.03,94.1,91.4,92.35,19689471,0
2022-07-22,92.18,94.17,91.4,92.6,16156350,0
2022-07-25,92.18,93.09,90.96,91.95,17370381,0
2022-07-26,91.32,93.64,87.69,87.69,66967484,0
2022-07-27,88.36,88.81,87.07,87.37,23842801,0
2022-07-28,87.51,88.36,84.44,86.44,25179260,0
2022-07-29,88.36,90.8993,88.18,89.27,33958727,0
2022-08-01,89.57,90.77,88.84,89.04,18794359,0
2022-08-02,88.16,89.73,87.7982,87.8,20959529,0
2022-08-03,88.34,91.39,88.28,90.79,25596600,0
2022-08-04,88.0,88.96,79.8,82.65,144463016,0
2022-08-05,82.65,84.25,81.7409,83.0,40662328,1
2022-08-08,83.15,87.0656,82.96,86.7,44093941,0
2022-08-09,86.34,87.081,84.14,84.66,36623473,0
2022-08-10,84.16,86.14,83.51,85.55,30052949,0
2022-08-11,85.96,86.6781,84.49,84.76,24490301,0
2022-08-12,84.97,85.89,84.2054,85.01,16914590,0
2022-08-15,85.57,85.89,84.72,85.75,14193660,0
2022-08-16,85.73,87.6599,85.54,85.9,21331199,0
2022-08-17,86.0,86.19,82.72,83.5,37278352,0
2022-08-18,83.76,84.5291,83.1648,83.6,13854750,0
2022-08-19,83.01,83.7798,81.08,81.26,28233230,0
2022-08-22,81.48,82.0,79.9,80.4,31905689,0
2022-08-23,80.04,81.39,79.5,80.13,20046910,0
2022-08-24,80.0,80.31,78.73,80.31,23059109,0
2022-08-25,80.22,81.77,79.86,80.53,13438650,0
2022-08-26,81.2,81.28,78.48,78.48,22534381,0
2022-08-30,78.55,80.1,77.37,78.2,25551160,0
2022-08-31,78.55,78.55,76.3,77.0,63097922,0
2022-09-01,75.75,75.9908,69.57,71.31,84867047,1
2022-09-02,72.65,75.2284,71.88,75.07,57327070,0
2022-09-05,73.98,74.17,72.215,74.12,32556891,0
2022-09-06,74.66,78.7,74.0,76.71,81963047,1
2022-09-07,76.36,78.3,75.39,76.75,19141199,1
2022-09-08,77.2,79.2098,76.75,78.28,57178422,0
2022-09-09,79.0,79.7372,78.44,78.44,22276471,0
2022-09-12,79.65,81.2611,79.1172,80.67,21115381,0
2022-09-13,81.17,81.17,78.18,78.27,22057891,0
2022-09-14,77.98,78.63,74.1558,75.16,39445809,0
2022-09-15,76.66,79.75,76.06,76.86,36468551,0
2022-09-16,75.86,77.24,74.84,75.77,41252832,0
2022-09-20,76.0,77.74,75.41,75.82,23451689,0
2022-09-21,74.5,76.4,73.74,74.32,18404869,0
2022-09-22,73.0,74.6,72.0865,73.27,29995760,0
2022-09-23,73.34,75.279,70.47,71.88,58175660,0
2022-09-26,71.04,74.61,71.0,72.67,48993699,0
2022-09-27,72.66,72.97,69.23,69.23,37680832,0
2022-09-28,68.14,68.47,64.44,66.7,67051797,1
2022-09-29,67.41,68.43,65.78,68.26,39354648,0
2022-09-30,69.0,71.05,68.39,69.59,45994328,0
2022-10-03,70.0,70.244,66.44,69.77,33872246,0
2022-10-04,70.4,74.49,70.21,74.47,39848711,0
2022-10-05,73.74,75.37,73.12,73.92,21912230,0
2022-10-06,74.43,75.23,70.75,71.29,24574830,0
2022-10-07,70.81,72.12,69.88,70.6,25910570,0
2022-10-10,69.81,70.94,68.3433,68.89,29299660,0
2022-10-11,68.47,71.41,68.08,69.49,19504869,0
2022-10-12,69.2,69.8,66.07,66.24,29096930,0
2022-10-13,65.71,70.86,65.21,70.01,30441949,0
2022-10-14,71.33,72.01,69.5,70.05,32096070,1
2022-10-17,71.05,71.7,70.09,71.57,21642430,0
2022-10-18,73.12,74.89,71.61,74.28,83013320,0
2022-10-19,74.89,75.66,72.6,74.0,23620910,0
2022-10-20,74.0,74.0764,72.11,73.15,18380471,0
2022-10-21,72.11,73.72,70.89,73.58,22192570,0
2022-10-24,74.13,75.94,73.07,73.5,24265301,0
2022-10-25,74.66,74.66,72.41,73.69,19458109,1
2022-10-26,72.72,75.04,72.53,74.47,23578150,0
2022-10-27,74.84,76.7,73.86,76.34,22582580,1
2022-10-28,75.32,77.57,74.7725,76.99,24188150,0
2022-10-31,77.11,79.423,77.0,78.15,38761594,0
2022-11-01,79.19,82.42,79.05,81.5,49877449,0
2022-11-02,81.6,83.06,81.14,83.06,40179059,0
2022-11-03,80.87,81.23,78.22,80.16,39633809,0
2022-11-04,80.58,85.53,80.3506,85.11,56656910,1
2022-11-07,84.39,86.35,82.8644,86.35,33193301,1
2022-11-08,85.36,88.44,84.2354,88.44,25569961,0
2022-11-09,87.54,89.53,87.02,88.62,22483061,0
2022-11-10,87.74,90.27,85.96,85.96,40197641,1
2022-11-11,87.08,90.81,86.88,89.31,48070461,0
2022-11-14,89.0,92.76,88.97,91.6,54578238,0
2022-11-15,91.23,92.07,89.3,91.11,31866949,0
2022-11-16,91.29,91.49,86.88,87.22,31469180,0
2022-11-17,87.59,87.85,85.89,86.6,21661061,0
2022-11-18,86.54,86.99,85.1,85.49,25787471,0
2022-11-21,85.71,85.9,83.41,84.81,34885887,1
2022-11-22,85.16,85.98,84.03,85.29,29820311,1
2022-11-23,85.46,88.41,84.8,88.41,23250400,0
2022-11-24,88.74,91.05,88.07,91.05,24203939,0
2022-11-25,90.78,91.65,90.48,90.85,17772471,0
2022-11-28,90.3,91.96,88.525,88.62,28954260,0
2022-11-29,88.91,90.26,88.3753,89.12,21040590,0
2022-11-30,90.43,91.95,90.0,90.92,54046922,0
2022-12-01,91.75,91.95,86.25,86.93,44739801,0
2022-12-02,87.06,90.28,86.58,90.25,44499711,0
2022-12-05,90.03,91.07,88.47,90.59,23064029,0
2022-12-06,91.57,94.5,91.22,93.49,57578672,0
2022-12-07,93.18,93.66,90.22,90.53,25954510,0
2022-12-08,90.45,92.11,90.16,91.39,19230010,0
2022-12-09,92.0,94.05,90.82,94.05,35958473,0
2022-12-12,93.98,94.68,92.35,92.84,20761420,0
2022-12-13,93.11,93.338,88.8176,90.61,49918648,0
2022-12-14,90.28,91.1855,89.51,90.29,20404340,0
2022-12-15,89.66,91.0,88.83,89.13,21483051,0
2022-12-16,89.37,90.3873,86.53,87.33,43746398,0
2022-12-19,87.46,89.24,87.0,88.84,16057950,0
2022-12-20,87.66,88.6,86.45,88.43,18056471,0
2022-12-21,89.17,91.14,88.4,91.12,24664420,0
2022-12-22,91.58,93.16,90.61,91.1,21040561,1
2022-12-23,91.04,92.5,90.86,91.68,8154052,0
2022-12-28,92.19,93.53,92.16,92.64,25714119,0
2022-12-29,91.85,92.62,91.02,92.45,17748910,1
2022-12-30,91.75,93.2,91.26,93.2,9029750,0
2023-01-03,94.76,99.58,94.6,98.91,94742594,1
2023-01-04,97.8,101.4,95.75,101.4,62168660,0
2023-01-05,101.78,104.26,101.36,102.66,53910898,0
2023-01-06,103.24,104.8248,102.76,102.9,29053430,0
2023-01-09,103.0,104.26,100.92,103.76,31156119,0
2023-01-10,103.2,105.0,100.4798,101.02,40463059,1
2023-01-11,101.72,103.86,101.4,102.58,28401211,0
2023-01-12,103.5,104.8,102.66,104.0,31432131,0
2023-01-13,104.3,109.56,104.18,108.76,54578008,0
2023-01-16,108.48,108.66,106.36,107.16,57832770,0
2023-01-17,107.3,109.04,107.22,108.54,61277633,0
2023-01-18,108.96,109.46,107.88,108.26,47629488,0
2023-01-19,107.78,109.38,104.64,105.08,44729848,0
2023-01-20,106.06,107.41,104.2136,106.6,26124230,1
2023-01-23,107.0,108.2,105.76,108.2,35895180,0
2023-01-24,109.72,112.08,108.56,111.4,65665156,0
2023-01-25,111.3,112.86,110.9056,111.72,33908020,0
2023-01-26,113.0,115.0,111.72,113.48,41667871,0
2023-01-27,112.2,112.5,108.3,110.2,75400625,0
2023-01-30,109.54,109.74,107.2,109.12,49218441,0
2023-01-31,108.4,108.6176,105.42,105.74,56822680,0
2023-02-01,105.42,106.34,103.2,105.18,41208391,0
2023-02-02,105.5,108.9,105.44,108.74,25445750,0
2023-02-03,108.74,109.44,107.26,109.08,26628119,0
2023-02-06,108.44,108.6678,106.24,108.08,26303949,1
2023-02-07,108.06,109.28,107.14,107.96,60727160,0
2023-02-08,109.02,110.6,107.9,109.22,20061119,0
2023-02-09,109.38,110.4,108.64,108.72,20437680,0
2023-02-10,108.82,109.0,106.13,107.48,22069170,1
2023-02-13,108.06,110.46,107.12,109.46,19855590,0
2023-02-14,109.0,109.241,106.48,108.36,24583020,0
2023-02-15,108.68,112.24,108.44,112.0,42282398,0
2023-02-16,113.0,114.82,112.54,113.8,33897660,0
2023-02-17,112.84,112.88,110.98,112.46,22917020,0
2023-02-20,113.0,113.92,111.08,111.8,16060410,0
2023-02-21,111.36,111.8167,109.8979,109.98,20426551,0
2023-02-22,109.28,109.857,106.69,107.62,35690887,0
2023-02-23,124.0,134.68,118.0,133.1,271613000,0
2023-02-24,131.5,142.38,129.82,136.04,146380609,0
2023-02-27,140.84,145.0,139.12,145.0,85825516,0
2023-02-28,144.58,147.56,143.0,144.94,62199367,1
2023-03-01,145.08,149.38,143.8,148.42,79963391,1
2023-03-02,146.68,148.16,145.24,148.16,64863711,0
2023-03-03,149.16,150.0,148.0,149.64,43048398,0
2023-03-06,150.0,155.06,149.7215,152.78,35345090,0
2023-03-07,151.1,154.9,150.66,153.18,42631898,0
2023-03-08,156.02,158.8,154.28,156.86,59788602,0
2023-03-09,156.02,160.0,155.02,158.04,67071109,0
2023-03-10,154.9,154.9,148.7,150.1,69984195,0
2023-03-13,151.0,152.82,142.1,145.0,74404180,0
2023-03-14,146.98,156.8,145.86,155.2,68289344,0
2023-03-15,154.14,157.46,143.979,144.14,58378121,0
2023-03-16,148.58,151.5,142.54,146.3,42686641,0
2023-03-17,147.98,149.3986,138.8643,140.3,69283828,0
2023-03-20,137.44,142.4701,132.26,140.98,60056898,0
2023-03-21,142.3,150.5,142.3,150.0,68978156,0
2023-03-22,148.86,149.9605,147.3,149.22,31301881,0
2023-03-23,149.14,149.1478,145.32,147.34,37993367,0
2023-03-24,145.38,146.2,141.5678,143.54,33784500,1
2023-03-27,145.56,145.98,143.12,144.34,15552600,1
2023-03-28,145.04,146.06,143.0223,145.34,64632480,0
2023-03-29,145.08,148.5,144.56,148.0,16243250,0
2023-03-30,149.38,150.94,149.0567,150.2,26539150,0
2023-03-31,150.22,152.8,148.66,149.02,34987238,0
2023-04-03,148.0,151.9,147.55,149.65,129721297,0
2023-04-04,151.1,151.1,144.8,145.5,57266352,0
2023-04-05,146.35,147.5051,142.5755,143.75,25273080,1
2023-04-06,143.75,147.95,143.0,147.95,22848990,1
2023-04-11,149.75,150.05,145.35,147.15,69225984,1
2023-04-12,147.5,148.3423,145.7,147.6,21108301,1
2023-04-13,146.75,150.8,146.75,149.15,26045529,1
2023-04-14,149.9,151.342,147.05,149.75,119506703,0
2023-04-17,149.55,151.45,148.4001,151.0,34531391,0
2023-04-18,152.0,155.85,151.525,155.85,32623289,0
2023-04-19,155.1,156.3534,153.6,155.35,40799859,0
2023-04-20,155.05,155.65,153.35,155.0,52655609,0
2023-04-21,154.0,155.3,152.3,154.35,19659029,0
2023-04-24,153.65,155.5,152.75,153.6,25554699,0
2023-04-25,152.5,154.6,150.7,152.9,26353240,0
2023-04-26,153.0,153.5974,150.0,151.95,18974340,0
2023-04-27,151.25,153.65,150.45,152.0,13067480,0
2023-04-28,152.45,153.5,149.8,152.15,20066561,0
2023-05-02,152.35,154.7,149.85,150.5,53793230,0
2023-05-03,150.8,153.55,150.5904,151.9,33091641,0
2023-05-04,150.65,152.9,148.2,149.2,32226180,0
2023-05-05,150.45,152.5,148.925,151.15,28065590,0
2023-05-09,150.9,153.0,149.774,151.65,24779770,0
2023-05-10,152.5,156.3183,152.315,156.3,76845875,0
2023-05-11,153.0,156.3,145.3,145.9,87960930,0
2023-05-12,145.95,150.05,145.95,148.3,32974441,0
2023-05-15,148.45,149.0,144.75,145.1,61153301,0
2023-05-16,147.15,151.0,146.95,148.15,92843391,1
2023-05-17,148.7,152.85,148.35,152.85,53254672,0
2023-05-18,155.0,156.05,153.6312,155.55,28572020,0
2023-05-19,155.55,157.3,155.0,156.0,23113980,0
2023-05-22,157.15,158.55,156.3,157.3,19587670,0
2023-05-23,157.5,158.1,153.025,153.2,22848779,0
2023-05-24,150.3,150.6276,146.0,146.85,33835340,0
2023-05-25,147.4,150.9689,145.95,148.8,31882570,0
2023-05-26,149.45,150.3,147.4,149.05,48710379,0
2023-05-30,149.85,149.85,143.45,144.4,23234850,0
2023-05-31,143.45,146.65,142.4807,143.3,53809887,1
2023-06-01,143.85,146.4,143.556,146.4,15491830,0
2023-06-02,146.7,150.0,146.2,150.0,52556246,0
2023-06-05,150.55,151.35,146.4,147.3,38119289,0
2023-06-06,146.3,148.76,146.1,148.05,19999150,0
2023-06-07,147.9,150.15,147.3264,150.15,21022750,1
2023-06-08,149.4,150.05,146.75,149.45,11900740,1
2023-06-09,149.2,150.4721,147.95,149.25,22006260,1
2023-06-12,148.05,151.37,148.05,150.15,12403860,1
2023-06-13,151.0,151.95,149.1,150.9,41099090,1
2023-06-14,150.4,151.62,150.0,150.75,15491410,1
2023-06-15,150.35,151.02,149.1,150.05,14763950,1
2023-06-16,150.3,151.4,149.0515,151.2,43000969,0
2023-06-19,151.0,154.6,150.75,153.8,27121561,0
2023-06-20,153.95,158.4,152.95,157.0,28564150,0
2023-06-21,155.7,159.65,155.5,157.55,22535131,0
2023-06-22,156.25,157.75,154.15,156.05,21248410,0
2023-06-23,155.35,155.7,152.4,154.65,19918080,0
2023-06-26,154.1,156.0,152.6,154.8,22938010,0
2023-06-27,155.5,155.85,153.483,155.45,9434531,0
2023-06-28,155.75,156.7,154.8,155.8,28998641,0
2023-06-29,155.25,155.412,148.45,148.7,33796754,0
2023-06-30,148.45,151.95,146.0,151.05,22660311,0
2023-07-03,151.65,153.6,150.85,153.6,16448900,0
2023-07-04,153.95,153.95,150.7263,152.25,12380090,0
2023-07-05,151.4,152.1,149.633,151.0,13482810,0
2023-07-06,150.3,150.3,145.2,145.2,23789391,0
2023-07-07,145.4,149.401,145.1,148.5,13483050,0
2023-07-10,146.6,148.45,146.392,147.9,10336440,0
2023-07-11,148.35,148.635,145.35,145.65,22573289,0
2023-07-12,146.45,149.46,145.476,148.45,16723381,0
2023-07-13,148.0,149.75,146.65,149.3,22605039,0
2023-07-14,148.25,148.9,145.9,145.9,61482168,0
2023-07-17,145.0,146.843,143.75,146.15,25049410,1
2023-07-18,146.2,147.274,145.1,146.4,13633710,0
2023-07-19,148.0,151.88,147.55,150.95,34383578,1
2023-07-20,150.1,154.4,149.55,154.4,28550391,0
2023-07-21,154.0,155.8,152.9875,155.8,24329631,1
2023-07-24,154.5,156.7784,152.1775,156.7,21972061,1
2023-07-25,156.65,157.7,152.35,152.65,25005500,0
2023-07-26,175.0,190.95,172.35,185.0,159155391,0
2023-07-27,187.0,191.26,185.3,189.6,51748941,0
2023-07-28,188.9,194.7605,186.45,193.3,33138578,0
2023-07-31,192.05,192.85,184.85,184.85,37426406,0
2023-08-01,184.9,189.4,183.4,185.25,26376920,0
2023-08-02,183.25,187.05,181.55,183.9,41885793,0
2023-08-03,185.85,193.45,178.142,192.2,66560398,0
2023-08-04,194.05,206.79,192.8,206.5,76666148,0
2023-08-07,208.0,211.21,205.1,209.5,47985422,0
2023-08-08,207.0,209.4,203.2,207.9,56960129,0
2023-08-09,207.7,210.61,206.1,209.1,74331117,0
2023-08-10,210.3,212.0,206.9,207.8,31587811,0
2023-08-11,206.6,209.2,206.1,207.7,44908020,0
2023-08-14,208.9,209.0,205.3,209.0,51321602,0
2023-08-15,208.2,208.2,203.807,205.5,18476420,0
2023-08-16,204.1,207.59,203.6,204.2,26011480,0
2023-08-17,200.5,204.1,198.8375,202.4,18204711,0
2023-08-18,200.6,201.4105,197.522,201.2,19426391,0
2023-08-21,201.5,203.8,199.65,201.9,24479240,1
2023-08-22,202.7,205.1,200.3,201.1,18772330,1
2023-08-23,202.0,203.0,200.7,201.8,16925619,1
2023-08-24,206.0,207.5,201.6,201.7,15808390,1
2023-08-25,202.5,205.3,201.9,203.0,16442551,0
2023-08-29,206.5,212.92,204.9,212.9,64981719,0
2023-08-30,212.9,218.54,212.3,216.8,49949992,0
2023-08-31,217.2,224.47,216.3,222.3,52953141,0
2023-09-01,222.5,223.492,218.5,219.1,22086730,0
2023-09-04,220.8,223.8,218.7,219.9,31037850,0
2023-09-05,219.0,221.3,217.3,219.2,19987750,0
2023-09-06,216.7,218.8759,213.7,214.7,24156801,1
2023-09-07,213.5,223.8,213.4,223.8,25143490,1
2023-09-08,225.2,225.412,217.9,220.4,25045109,1
2023-09-11,221.1,224.341,220.506,223.6,21811779,0
2023-09-12,223.8,226.48,222.8,224.4,15156040,0
2023-09-13,224.3,226.8,223.5,225.3,24433750,0
2023-09-14,224.2,226.6,222.808,225.8,22979740,0
2023-09-15,227.8,233.0,226.3,227.4,54377969,0
2023-09-18,227.4,228.7,222.0522,224.4,26660119,0
2023-09-19,222.9,226.799,222.6,226.0,16138940,0
2023-09-20,226.5,229.1,223.3,223.7,30410570,0
2023-09-21,222.2,224.0,219.9,220.4,65237520,0
2023-09-22,219.7,224.07,218.2,220.6,24871480,0
2023-09-25,221.7,221.7,216.9569,219.8,26505770,0
2023-09-26,217.6,221.86,216.6,219.7,14816400,0
2023-09-27,219.4,220.3,215.1,218.8,17513561,0
2023-09-28,219.9,221.5,212.8,221.5,24872359,0
2023-09-29,222.4,222.9,219.1,220.9,19556900,0
2023-10-02,221.4,223.3,216.1,216.6,13670300,0
2023-10-03,216.0,218.5,211.6,212.1,13955220,0
2023-10-04,210.0,213.9,208.3,210.8,62243031,0
2023-10-05,211.8,212.6,207.8,210.5,47150281,0
2023-10-06,211.1,211.9,204.3,208.8,29942039,0
2023-10-09,207.5,210.0,204.401,205.2,22798980,0
2023-10-10,208.3,212.3,203.7,212.3,34769621,0
2023-10-11,211.0,214.0,209.4,213.1,16525750,0
2023-10-12,214.0,215.3,210.5,211.8,18043920,0
2023-10-13,210.5,216.0182,210.0714,213.2,20979320,0
2023-10-16,214.6,216.2,210.9,213.5,23323980,0
2023-10-17,213.5,218.8,211.2,215.6,28649779,0
2023-10-18,214.4,217.1,207.8,207.8,24478350,0
2023-10-19,206.0,210.0,203.3,205.6,21218320,0
2023-10-20,203.7,203.9,198.4,198.95,33958887,0
2023-10-23,197.95,204.0,196.45,203.5,21112150,0
2023-10-24,203.7,207.8,200.0,204.4,25476471,0
2023-10-25,204.3,205.0,201.7,203.0,33815199,0
2023-10-26,201.5,204.8,199.0,200.5,23081600,0
2023-10-27,201.1,202.3,197.2,200.4,19721930,0
2023-10-30,201.4,203.2,200.4,202.0,55754602,1
2023-10-31,207.6,215.4,200.4,215.4,70932242,0
2023-11-01,216.5,221.0,214.7,220.3,58604199,0
2023-11-02,223.3,225.6,218.7,223.6,29447330,0
2023-11-03,223.6,225.1,220.0,220.9,57707609,0
2023-11-06,221.0,226.0,218.8,224.1,26537439,0
2023-11-07,224.5,227.1068,223.5,226.0,19678221,0
2023-11-08,228.0,236.7,227.7,232.4,120596398,0
2023-11-09,231.4,233.9,227.9,232.8,22945900,1
2023-11-10,230.5,233.7,229.3,232.0,21326920,0
2023-11-13,232.7,240.2,232.5,240.2,37517922,0
2023-11-14,237.7,241.7,230.1,239.0,49856809,0
2023-11-15,239.4,244.1,238.0,243.6,25027311,0
2023-11-16,243.2,246.9,240.9,244.5,98375508,0
2023-11-17,245.4,248.2,242.4,244.0,28448789,0
2023-11-20,243.8,247.7,242.6,245.5,18772811,0
2023-11-21,245.5,246.9,242.6,243.0,16148820,0
2023-11-22,244.2,246.0,235.6,237.5,22481520,0
2023-11-23,237.5,240.7,234.5,240.7,11131070,0
2023-11-24,240.6,245.0,238.7,241.0,34291781,0
2023-11-27,240.0,243.3,238.1,243.2,25582910,0
2023-11-28,243.4,261.6,241.3,258.3,71038094,0
2023-11-29,258.4,267.0,257.7,263.4,34078641,0
2023-11-30,265.3,271.6091,264.5038,268.8,59612141,0
2023-12-01,271.9,276.7,271.2,276.7,30882609,0
2023-12-04,281.5,288.542,275.1,285.4,97363328,1
2023-12-05,282.9,289.5383,280.3,284.7,26563900,1
2023-12-06,286.7,289.0,282.9,288.6,17585061,1
2023-12-07,287.9,290.8,285.0,286.2,25948971,1
2023-12-08,288.3,293.659,284.5,289.3,39410992,0
2023-12-11,291.5,298.4,291.0,296.9,57882602,0
2023-12-12,297.1,306.0,296.004,304.7,32217320,0
2023-12-13,306.8,313.1,297.9,301.8,38724340,0
2023-12-14,305.0,310.3,300.0,300.0,33300449,0
2023-12-15,300.1,301.3,288.504,290.1,56628887,0
2023-12-18,289.0,296.8,287.3,292.4,24958279,0
2023-12-19,293.1,296.8,290.7,295.0,35670289,0
2023-12-20,299.6,300.9,292.7,298.9,14521310,0
2023-12-21,297.9,300.6,294.3943,299.8,10475280,0
2023-12-22,299.6,303.6,297.2,302.4,7838526,0
2023-12-27,302.2,303.7,298.0,298.8,13605500,0
2023-12-28,299.3,300.0,297.7,298.1,10884820,0
2023-12-29,297.8,300.5,296.7278,299.7,9303474,0
2024-01-02,299.3,305.3,297.3,298.1,23479711,0
2024-01-03,296.1,299.0,293.1,294.8,45508719,1
2024-01-04,294.5,299.3,294.0,297.8,103963102,0
2024-01-05,295.0,296.9,292.0,296.6,29036189,0
2024-01-08,295.1,305.6,295.1,305.2,79642062,0
2024-01-09,306.4,312.4,306.2,308.8,20612900,0
2024-01-10,309.1,310.1,305.3,309.2,12525260,0
2024-01-11,310.0,310.0,295.1,297.0,124449398,0
2024-01-12,300.0,307.2,298.916,305.0,19828850,0
2024-01-15,306.0,307.0,299.8,300.0,11570560,0
2024-01-16,295.0,300.1,292.3,298.2,39936340,0
2024-01-17,299.0,300.4,295.2,296.6,22886471,1
2024-01-18,295.3,306.5,293.5,306.5,30253439,0
2024-01-19,306.5,308.8,302.5,305.0,74175586,0
2024-01-22,307.6,310.8,305.3,308.9,70953961,0
2024-01-23,308.1,308.8,300.3,301.8,94018328,0
2024-01-24,304.0,309.3,303.1,307.1,21546189,0
2024-01-25,305.0,308.8,303.5,306.5,9809833,0
2024-01-26,305.2,307.4,302.1,305.4,102268094,0
2024-01-29,305.1,306.9,302.1,304.0,22285750,0
2024-01-30,305.7,312.9,304.3,307.1,24447939,0
2024-01-31,306.6,307.4,300.9,301.2,20469750,0
2024-02-01,300.2,305.5,297.0,298.8,55868168,1
2024-02-02,303.5,310.2,301.2,310.2,97473555,0
2024-02-05,312.5,318.861,308.7,309.8,66935820,0
2024-02-06,313.9,321.84,312.2,317.8,61617480,0
2024-02-07,318.8,324.6,316.5,322.9,46811688,0
2024-02-08,323.8,325.7,316.6,317.7,17678730,0
2024-02-09,317.7,320.744,315.2,318.1,47548090,0
2024-02-12,318.6,319.5581,305.2,309.1,22754811,0
2024-02-13,308.8,309.145,300.5,306.3,40313488,0
2024-02-14,310.5,316.171,309.4407,312.2,68582000,0
2024-02-15,315.9,322.4,315.0,320.0,34094422,1
2024-02-16,323.0,323.4617,315.8,323.3,36623594,0
2024-02-19,323.5,334.8,322.0,334.2,40775008,0
2024-02-20,333.5,335.4,330.1,330.5,27598289,0
2024-02-21,331.3,332.4,323.9,329.5,135509500,0
2024-02-22,355.0,369.1,346.9305,356.8,78233391,0
2024-02-23,355.6,358.5,349.0506,353.1,53206039,1
2024-02-26,353.3,363.64,353.1,361.2,57698219,1
2024-02-27,360.7,360.827,353.9,358.6,58529641,0
2024-02-28,360.1,373.58,360.1,370.5,48769000,0
2024-02-29,367.6,371.2,361.3,369.1,60796406,0
2024-03-01,375.0,376.2,368.1,374.8,45020672,0
2024-03-04,375.0,380.3,372.7,376.4,18910900,1
2024-03-05,376.0,380.0,372.4491,374.9,21703400,1
2024-03-06,376.7,380.42,374.0,379.0,37638621,0
2024-03-07,379.3,390.36,378.5,390.0,43446047,0
2024-03-08,391.3,393.58,384.0,386.4,27144600,0
2024-03-11,382.0,385.9,378.5,383.2,32245961,0
2024-03-12,386.7,391.8,383.4,391.8,50549441,0
2024-03-13,392.3,397.6,388.6182,393.8,30055939,0
2024-03-14,395.0,396.3986,388.1,389.4,39388578,0
2024-03-15,388.9,396.5,383.2,393.5,92456625,1
2024-03-18,390.5,398.4,388.0,390.0,63149078,1
2024-03-19,390.3,402.42,388.3,400.7,66330805,0
2024-03-20,400.0,407.7,396.4815,406.7,106653203,0
2024-03-21,420.0,423.6,414.3,420.2,60052609,0
2024-03-22,421.9,425.7,417.55,419.9,22107141,0
2024-03-25,420.9,424.343,418.0,421.1,72280477,0
2024-03-26,422.6,429.7,420.8,428.0,32450631,0
2024-03-27,427.2,429.2,421.9359,422.0,25435730,0
2024-03-28,421.1,430.5,411.4,426.7,20613160,0
2024-04-02,427.5,435.0,412.818,418.9,47006391,0
2024-04-03,419.8,429.7,417.4,424.0,72925211,0
2024-04-04,424.2,424.595,416.5,419.0,20652381,0
2024-04-05,410.0,422.0,407.5,421.1,26479711,0
2024-04-08,420.0,432.8,418.4,429.1,21856070,0
2024-04-09,426.4,428.266,404.7,412.2,46463281,0
2024-04-10,410.4,415.8,400.7,408.5,36949461,0
2024-04-11,406.9,409.6,395.7,406.9,51801859,0
2024-04-12,410.4,415.0,402.1,404.7,22520551,0
2024-04-15,404.0,413.3,400.6,406.8,28695150,0
2024-04-16,399.0,402.3,394.0,397.8,22240131,0
2024-04-17,395.0,409.0,394.75,401.4,90815555,0
2024-04-18,406.2,406.7091,398.0,402.5,35276398,0
2024-04-19,398.4,399.3,392.0,395.5,43758559,0
2024-04-22,401.5,408.55,398.8,406.3,25401881,0
2024-04-23,407.5,417.8,406.6,417.2,64561422,0
2024-04-24,417.2,424.2,414.5,417.0,144490297,0
2024-04-25,414.1,414.802,400.5,405.7,96112148,0
2024-04-26,411.7,421.8,409.0,421.1,36051379,0
2024-04-29,421.3,424.2,411.399,414.8,43510770,0
2024-04-30,415.8,423.7,411.6,413.1,54039781,0
2024-05-01,413.0,417.8,407.5,407.5,18458711,0
2024-05-02,406.0,413.1,402.092,406.5,62297473,1
2024-05-03,412.2,418.1,404.0,418.1,13155810,0
2024-05-07,424.0,425.9,416.0,418.4,29887430,0
2024-05-08,418.9,428.7,417.4,428.7,32806199,0
2024-05-09,428.0,436.7,425.2,433.9,100297000,0
2024-05-10,434.2,440.4,423.6,423.6,16823461,0
2024-05-13,422.3,426.2,418.2,420.7,19215350,0
2024-05-14,418.6,423.3,415.2,419.6,49667500,1
2024-05-15,421.8,428.4,417.0,426.5,25430590,0
2024-05-16,427.0,429.5,420.1,420.4,15321850,0
2024-05-17,419.5,420.8,413.2,418.1,18659789,0
2024-05-20,418.4,437.9,417.7,436.8,70841281,0
2024-05-21,435.7,439.5,431.0,433.0,28192920,0
2024-05-22,431.7,439.8,424.3999,428.0,63080461,0
2024-05-23,429.0,446.7,419.8,440.4,136516609,0
2024-05-24,437.0,445.3,435.2897,444.8,25762439,0
2024-05-28,448.7,460.2,442.1001,451.0,138754500,0
2024-05-29,449.3,453.8,442.5,447.0,50721871,0
2024-05-30,443.0,451.8,441.015,451.0,19315320,0
2024-05-31,451.1,457.2,448.0,453.4,44051059,0
2024-06-03,459.3,468.1,458.6,460.9,51917078,0
2024-06-04,460.2,462.7,448.0,448.0,31952811,0
2024-06-05,450.7,458.0,448.8,453.3,19116760,0
2024-06-06,458.0,463.1,450.5,458.2,19410820,0
2024-06-07,458.2,462.3,451.0,456.9,15420780,1
2024-06-10,456.7,467.3,455.405,465.0,29278150,0
2024-06-11,467.9,470.1,459.3,465.0,72423922,0
2024-06-12,468.9,472.1001,461.6,469.4,31182619,0
2024-06-13,469.3,471.8,465.4,467.8,25356189,0
2024-06-14,468.0,469.0,452.4,457.8,19594180,1
2024-06-17,457.4,466.0,455.5,461.6,31122359,0
2024-06-18,465.0,469.3,463.1,467.9,15613500,0
2024-06-19,467.9,474.6,467.9,472.5,10991330,0
2024-06-20,478.0,488.4384,469.6001,485.5,44742961,0
2024-06-21,484.5,488.5,468.0,473.2,55391480,0
2024-06-24,476.3,488.5,471.3,471.3,42204102,0
2024-06-25,459.8,474.2,448.1,466.0,94495844,0
2024-06-26,467.5,472.15,461.7,461.7,41719969,0
2024-06-27,465.0,467.1001,453.5,454.7,17818580,0
2024-06-28,457.5,463.6,455.3,456.8,34208672,0
2024-07-01,458.3,462.1001,451.9,452.8,20244670,0
2024-07-02,450.7,455.6001,445.3999,446.2,24082600,0
2024-07-03,450.0,457.0,445.8999,455.8,34330219,0
2024-07-04,460.7,464.2,453.0,461.9,10827260,0
2024-07-05,463.0,465.8999,452.5,454.2,9892615,0
2024-07-08,453.1,465.9,451.3,461.3,33111641,0
2024-07-09,461.3,464.2,447.7,447.7,115290000,0
2024-07-10,447.4,455.8,441.6,454.2,19012160,0
2024-07-11,454.2,457.6001,450.2,453.2,7831109,0
2024-07-12,454.6,456.8,445.7,450.0,11254760,0
2024-07-15,446.0,452.8,443.9,449.5,12177510,0
2024-07-16,448.4,460.4,444.1001,458.9,16247270,0
2024-07-17,458.7,461.2,446.2,447.2,29850090,0
2024-07-18,449.3,452.3999,434.6,434.6,20595311,0
2024-07-19,431.2,449.8999,427.7,446.1,66891523,0
2024-07-22,445.3,449.9,440.4,443.3,13013150,0
2024-07-23,442.0,460.0,436.7,460.0,53930930,0
2024-07-24,455.8,462.9,441.1,443.9,20703689,0
2024-07-25,433.8,436.0,423.4,431.0,24114699,0
2024-07-26,430.0,445.3,429.9,441.8,24148480,0
2024-07-29,448.0,450.4,439.6,439.8,21256980,0
2024-07-30,441.0,451.2,438.3,444.7,12519880,1
2024-07-31,452.8,453.5,443.9,449.6,16291040,0
2024-08-01,493.0,503.0,477.5,481.1,62248488,0
2024-08-02,475.0,480.1,447.5,463.9,93934656,0
2024-08-05,444.0,454.4,425.9,443.8,138193594,0
2024-08-06,451.5,469.4,449.2549,468.5,150362797,0
2024-08-07,473.2,482.5,472.5,479.7,43695422,0
2024-08-08,473.9,479.4,464.7,476.8,21384801,0
2024-08-09,480.7,488.4221,407.04,485.0,19209570,0
2024-08-12,486.6,490.0,480.3,486.7,62764328,0
2024-08-13,490.8,492.0,483.3,492.0,24200859,0
2024-08-14,496.9,499.9,492.5,499.1,56235031,0
2024-08-15,500.0,503.0,492.0,503.0,55111820,0
2024-08-16,504.0,505.0,498.0,501.0,15605180,0
2024-08-19,495.0,501.2,489.2,500.0,26051490,0
2024-08-20,500.0,502.6,493.0,493.0,12191110,0
2024-08-21,493.9,496.5407,488.4,492.5,67459531,0
2024-08-22,493.8,498.5,493.0,497.6,9863278,0
2024-08-23,495.9,499.4,493.0,498.9,14711540,0
2024-08-27,500.0,500.0,489.652,494.2,74620609,0
2024-08-28,496.9,500.2,492.8,500.2,23591369,0
2024-08-29,501.2,502.0522,497.1,500.2,22024650,0
2024-08-30,501.2,501.8,494.1,496.4,22664760,0
2024-09-02,499.5,499.5,455.8,464.3,34847941,0
2024-09-03,474.7,486.4,469.7,472.3,36903473,0
2024-09-04,460.7,484.1,460.4,480.7,25431711,0
2024-09-05,477.6,481.5,464.4,477.9,31700270,0
2024-09-06,475.3,476.8,461.2721,462.7,19921520,1
2024-09-09,465.6,476.6,463.1,475.6,19779539,0
2024-09-10,473.8,479.4,471.6,474.8,22363850,1
2024-09-11,475.3,481.2,472.0,479.1,17057520,0
2024-09-12,487.4,495.0,484.0,493.8,56978168,0
2024-09-13,492.4,501.2,488.5,501.2,22317189,0
2024-09-16,496.8,500.1,492.9,495.8,15217810,0
2024-09-17,495.8,501.4,489.1,495.0,14484780,0
2024-09-18,492.5,497.2,491.2,496.0,42135090,0
2024-09-19,500.6,526.2384,498.8913,525.0,78255859,0
2024-09-20,518.8,528.0,517.264,526.2,79866781,0
2024-09-23,523.4,532.8816,521.8,530.2,36149480,0
2024-09-24,532.2,535.3519,520.4,526.6,15285780,0
2024-09-25,522.0,532.044,520.6,531.8,15307530,0
